,id,G
0,1,6
1,2,12
3,4,1
4,5,1
5,6,1
8,9,1
9,10,2
10,11,18
11,12,20
14,15,1
15,16,1
17,18,1
19,20,2
20,21,1
24,25,20
25,26,23
26,27,7
27,28,8
29,30,1
33,34,18
34,35,16
35,36,11
37,38,1
39,40,51
40,41,12
41,42,6
43,44,1
45,46,4
49,50,1
50,51,6
51,52,7
52,53,7
57,58,19
58,59,3
59,60,2
64,65,11
69,70,2
70,71,4
71,72,4
72,73,13
75,76,2
78,79,17
79,80,1
80,81,3
81,82,22
82,83,6
83,84,3
84,85,2
85,86,3
86,87,7
87,88,14
88,89,45
90,91,5
91,92,14
92,93,13
93,94,3
94,95,4
95,96,38
96,97,31
98,99,10
99,100,6
100,101,2
101,102,12
102,103,31
103,104,13
104,105,35
105,106,34
106,107,2
107,108,41
108,109,17
109,110,23
110,111,6
111,112,3
114,115,1
115,116,3
116,117,45
117,118,3
118,119,24
119,120,5
120,121,5
121,122,20
122,123,23
123,124,19
124,125,5
125,126,45
126,127,7
127,128,8
128,129,7
129,130,27
130,131,25
131,132,25
133,134,19
134,135,21
136,137,37
137,138,19
139,140,40
140,141,52
142,143,15
143,144,14
144,145,7
145,146,2
146,147,25
147,148,42
148,149,23
150,151,52
151,152,36
152,153,8
153,154,53
155,156,3
157,158,2
158,159,1
159,160,9
160,161,28
161,162,2
162,163,7
163,164,13
164,165,2
165,166,6
166,167,22
167,168,1
168,169,2
169,170,6
170,171,1
172,173,3
173,174,2
174,175,2
175,176,4
176,177,3
178,179,2
179,180,38
181,182,36
182,183,38
185,186,41
186,187,20
187,188,39
188,189,11
189,190,2
190,191,3
191,192,12
192,193,40
193,194,4
194,195,23
195,196,18
196,197,4
198,199,18
199,200,10
200,201,4
201,202,15
202,203,1
203,204,7
204,205,45
205,206,3
206,207,2
207,208,30
209,210,5
210,211,1
211,212,34
212,213,5
213,214,2
214,215,2
215,216,2
217,218,45
218,219,1
219,220,2
220,221,1
221,222,1
222,223,1
223,224,1
224,225,31
225,226,52
226,227,13
227,228,4
228,229,6
229,230,2
230,231,8
231,232,8
232,233,5
233,234,4
234,235,25
239,240,1
240,241,4
241,242,11
242,243,3
245,246,2
246,247,2
247,248,13
248,249,32
249,250,1
251,252,3
252,253,4
255,256,30
256,257,2
257,258,30
258,259,2
259,260,8
260,261,29
261,262,23
263,264,1
265,266,1
266,267,8
267,268,5
268,269,18
269,270,2
270,271,2
271,272,23
272,273,43
273,274,1
274,275,1
276,277,35
277,278,1
278,279,19
279,280,47
280,281,24
281,282,5
282,283,5
283,284,15
284,285,32
285,286,23
286,287,5
287,288,3
288,289,30
289,290,1
290,291,46
292,293,4
294,295,3
296,297,2
297,298,3
298,299,15
299,300,56
301,302,52
302,303,2
303,304,1
304,305,6
305,306,32
306,307,20
307,308,1
309,310,42
310,311,52
311,312,2
312,313,10
313,314,14
314,315,41
315,316,3
317,318,49
318,319,16
320,321,26
321,322,4
322,323,1
323,324,1
324,325,22
325,326,21
328,329,12
329,330,52
330,331,8
331,332,8
332,333,7
333,334,4
334,335,18
335,336,2
336,337,15
337,338,7
338,339,4
340,341,6
341,342,7
342,343,6
343,344,1
344,345,1
345,346,8
346,347,48
347,348,34
348,349,3
350,351,21
351,352,21
352,353,10
353,354,1
354,355,3
355,356,2
356,357,10
357,358,41
358,359,4
359,360,17
360,361,2
361,362,42
362,363,39
364,365,23
365,366,7
366,367,40
367,368,16
368,369,14
369,370,1
370,371,2
372,373,2
373,374,4
374,375,1
376,377,3
377,378,2
378,379,5
379,380,15
380,381,3
383,384,9
384,385,2
385,386,11
386,387,13
387,388,26
388,389,2
389,390,32
390,391,3
391,392,1
393,394,3
394,395,1
397,398,1
398,399,5
399,400,41
400,401,34
402,403,10
405,406,2
406,407,3
407,408,1
408,409,2
409,410,25
411,412,4
412,413,43
413,414,10
414,415,2
415,416,2
416,417,7
417,418,4
418,419,41
420,421,13
421,422,15
422,423,49
423,424,1
424,425,33
425,426,6
426,427,49
427,428,13
428,429,25
430,431,27
431,432,2
432,433,4
433,434,13
435,436,3
436,437,2
437,438,11
439,440,21
441,442,18
442,443,23
444,445,1
446,447,37
447,448,2
448,449,4
449,450,36
450,451,6
451,452,3
452,453,5
453,454,25
456,457,4
459,460,1
460,461,16
461,462,1
462,463,1
465,466,3
466,467,20
467,468,9
468,469,27
469,470,4
471,472,4
472,473,6
473,474,4
475,476,4
477,478,5
478,479,2
479,480,1
480,481,4
484,485,7
485,486,2
486,487,3
487,488,16
488,489,1
489,490,1
490,491,4
491,492,2
492,493,1
493,494,2
494,495,2
495,496,7
496,497,2
497,498,3
498,499,1
502,503,1
503,504,3
504,505,3
505,506,4
507,508,60
508,509,5
510,511,3
511,512,1
513,514,12
514,515,7
515,516,2
516,517,2
517,518,30
518,519,4
519,520,3
520,521,7
521,522,11
522,523,15
524,525,14
525,526,1
526,527,13
527,528,13
528,529,3
529,530,7
530,531,40
531,532,12
532,533,2
533,534,3
534,535,33
535,536,5
536,537,5
537,538,18
541,542,1
543,544,31
544,545,6
545,546,9
548,549,21
549,550,18
550,551,11
551,552,2
552,553,1
553,554,3
557,558,1
558,559,3
559,560,3
561,562,35
564,565,9
565,566,5
566,567,43
567,568,2
568,569,4
570,571,35
571,572,22
572,573,12
574,575,7
575,576,17
576,577,8
578,579,1
579,580,26
580,581,2
581,582,1
582,583,18
583,584,32
584,585,1
585,586,3
586,587,4
587,588,1
588,589,1
589,590,2
590,591,1
591,592,7
592,593,26
593,594,33
594,595,13
596,597,48
597,598,5
601,602,12
602,603,6
603,604,1
605,606,27
606,607,18
607,608,4
608,609,51
609,610,9
610,611,3
611,612,5
612,613,3
613,614,44
614,615,2
615,616,28
616,617,4
617,618,2
618,619,6
619,620,4
620,621,37
621,622,15
622,623,5
623,624,6
625,626,52
626,627,3
628,629,7
629,630,5
630,631,3
631,632,12
633,634,5
634,635,2
635,636,1
636,637,2
637,638,20
638,639,19
639,640,5
640,641,1
641,642,2
642,643,9
643,644,21
644,645,14
645,646,5
646,647,44
647,648,48
648,649,39
649,650,9
650,651,1
651,652,8
652,653,1
654,655,19
655,656,3
657,658,1
658,659,27
659,660,14
660,661,35
662,663,29
663,664,4
664,665,3
665,666,7
666,667,2
667,668,3
668,669,4
669,670,13
670,671,1
671,672,33
672,673,29
673,674,2
675,676,2
677,678,52
678,679,4
679,680,2
680,681,18
681,682,2
682,683,3
683,684,8
684,685,8
686,687,3
689,690,1
690,691,3
691,692,2
693,694,1
694,695,1
695,696,1
696,697,4
698,699,2
699,700,14
700,701,18
701,702,42
702,703,53
703,704,11
704,705,7
705,706,19
706,707,54
707,708,8
708,709,16
709,710,9
710,711,2
711,712,1
712,713,5
713,714,8
714,715,1
716,717,1
717,718,7
718,719,2
719,720,1
720,721,39
721,722,2
723,724,4
725,726,6
727,728,1
728,729,4
730,731,2
735,736,1
736,737,1
739,740,3
740,741,2
741,742,27
742,743,2
743,744,17
744,745,6
746,747,6
747,748,15
748,749,7
749,750,2
751,752,4
752,753,3
753,754,2
755,756,29
756,757,5
757,758,9
758,759,3
759,760,3
762,763,23
763,764,54
764,765,20
765,766,11
766,767,38
767,768,4
768,769,26
770,771,3
771,772,30
772,773,43
773,774,18
774,775,17
775,776,53
776,777,23
777,778,3
778,779,11
779,780,38
780,781,15
781,782,1
782,783,13
783,784,19
784,785,22
785,786,9
788,789,9
789,790,4
791,792,3
792,793,1
793,794,26
794,795,6
795,796,3
797,798,17
798,799,2
799,800,3
800,801,3
801,802,3
802,803,38
803,804,3
804,805,8
806,807,3
807,808,1
808,809,5
809,810,9
810,811,2
811,812,1
813,814,3
814,815,43
815,816,46
816,817,4
818,819,16
819,820,3
820,821,27
821,822,1
822,823,25
823,824,28
824,825,6
825,826,39
826,827,6
827,828,2
828,829,23
829,830,12
830,831,6
831,832,3
832,833,25
833,834,4
836,837,3
837,838,2
838,839,1
839,840,3
840,841,5
841,842,18
842,843,41
843,844,1
844,845,1
847,848,13
848,849,15
849,850,2
851,852,1
853,854,2
854,855,1
857,858,3
858,859,1
859,860,5
860,861,6
861,862,2
862,863,2
863,864,1
864,865,6
868,869,3
869,870,3
870,871,1
871,872,1
872,873,5
873,874,1
874,875,2
876,877,6
878,879,1
880,881,1
881,882,10
883,884,3
884,885,5
885,886,1
886,887,2
887,888,1
888,889,1
890,891,2
891,892,7
892,893,9
894,895,20
895,896,37
896,897,14
897,898,53
898,899,27
900,901,3
901,902,54
903,904,3
904,905,29
905,906,15
906,907,8
909,910,4
910,911,3
911,912,3
912,913,2
913,914,1
914,915,36
915,916,33
916,917,32
917,918,11
918,919,5
920,921,4
921,922,3
922,923,3
923,924,2
924,925,29
925,926,21
926,927,6
929,930,2
931,932,1
932,933,2
933,934,10
936,937,2
937,938,3
938,939,2
939,940,29
942,943,2
943,944,4
945,946,41
946,947,2
947,948,1
948,949,53
949,950,1
950,951,23
951,952,4
952,953,5
953,954,4
954,955,4
955,956,1
956,957,1
957,958,3
958,959,1
959,960,2
960,961,16
963,964,1
965,966,3
966,967,28
967,968,4
968,969,4
969,970,2
971,972,1
972,973,2
973,974,2
974,975,4
975,976,4
976,977,33
977,978,3
978,979,21
980,981,2
981,982,3
982,983,2
983,984,13
984,985,3
985,986,3
988,989,3
989,990,2
990,991,1
994,995,8
995,996,7
996,997,2
997,998,2
998,999,1
999,1000,1
1000,1001,2
1003,1004,2
1004,1005,7
1005,1006,2
1006,1007,17
1007,1008,9
1008,1009,9
1009,1010,7
1010,1011,4
1011,1012,3
1012,1013,4
1013,1014,2
1014,1015,19
1017,1018,33
1018,1019,11
1019,1020,5
1020,1021,4
1021,1022,4
1024,1025,2
1025,1026,7
1026,1027,9
1027,1028,1
1028,1029,51
1029,1030,51
1030,1031,14
1031,1032,3
1032,1033,1
1033,1034,33
1034,1035,2
1035,1036,20
1036,1037,21
1037,1038,2
1038,1039,39
1039,1040,4
1040,1041,16
1041,1042,56
1042,1043,10
1043,1044,13
1044,1045,4
1045,1046,2
1046,1047,25
1047,1048,37
1048,1049,1
1049,1050,36
1050,1051,53
1051,1052,36
1052,1053,4
1053,1054,2
1055,1056,1
1057,1058,48
1058,1059,3
1060,1061,20
1061,1062,1
1062,1063,3
1063,1064,2
1064,1065,3
1065,1066,2
1066,1067,4
1067,1068,25
1068,1069,22
1069,1070,46
1070,1071,8
1071,1072,7
1072,1073,2
1073,1074,2
1075,1076,2
1078,1079,1
1079,1080,21
1080,1081,24
1081,1082,50
1082,1083,13
1083,1084,23
1084,1085,22
1085,1086,5
1086,1087,45
1087,1088,2
1088,1089,7
1089,1090,2
1090,1091,8
1091,1092,13
1092,1093,6
1093,1094,6
1094,1095,1
1095,1096,1
1096,1097,4
1097,1098,1
1098,1099,1
1099,1100,16
1100,1101,3
1101,1102,24
1102,1103,4
1104,1105,21
1105,1106,23
1106,1107,24
1107,1108,6
1108,1109,10
1112,1113,3
1113,1114,5
1114,1115,14
1115,1116,11
1116,1117,8
1117,1118,25
1118,1119,29
1119,1120,5
1120,1121,5
1122,1123,7
1123,1124,4
1124,1125,1
1125,1126,10
1126,1127,19
1127,1128,1
1128,1129,16
1129,1130,1
1130,1131,1
1131,1132,3
1132,1133,18
1133,1134,7
1134,1135,16
1135,1136,5
1136,1137,8
1137,1138,13
1138,1139,20
1139,1140,12
1140,1141,6
1141,1142,33
1143,1144,4
1144,1145,14
1145,1146,47
1146,1147,2
1148,1149,1
1149,1150,1
1151,1152,42
1153,1154,4
1154,1155,6
1155,1156,2
1156,1157,25
1157,1158,3
1158,1159,1
1159,1160,3
1160,1161,21
1161,1162,20
1162,1163,28
1163,1164,1
1165,1166,7
1166,1167,1
1167,1168,1
1168,1169,13
1169,1170,4
1170,1171,4
1171,1172,30
1173,1174,16
1174,1175,3
1178,1179,29
1179,1180,4
1180,1181,1
1181,1182,4
1182,1183,1
1185,1186,6
1186,1187,22
1187,1188,8
1188,1189,2
1189,1190,3
1190,1191,10
1191,1192,1
1193,1194,1
1196,1197,2
1198,1199,6
1199,1200,1
1200,1201,1
1201,1202,2
1203,1204,1
1204,1205,13
1205,1206,30
1206,1207,2
1207,1208,27
1208,1209,4
1209,1210,5
1210,1211,21
1211,1212,14
1212,1213,3
1215,1216,2
1216,1217,16
1218,1219,2
1219,1220,1
1220,1221,2
1221,1222,13
1222,1223,3
1225,1226,3
1226,1227,2
1227,1228,3
1228,1229,7
1229,1230,2
1230,1231,3
1231,1232,17
1232,1233,7
1234,1235,1
1238,1239,1
1239,1240,1
1241,1242,24
1242,1243,14
1245,1246,5
1246,1247,2
1249,1250,34
1250,1251,1
1251,1252,54
1252,1253,25
1255,1256,17
1256,1257,9
1257,1258,1
1258,1259,20
1259,1260,53
1260,1261,55
1261,1262,53
1262,1263,3
1263,1264,12
1264,1265,2
1266,1267,5
1267,1268,16
1268,1269,8
1269,1270,2
1270,1271,2
1271,1272,1
1272,1273,2
1273,1274,8
1274,1275,22
1275,1276,9
1276,1277,2
1277,1278,7
1278,1279,20
1279,1280,4
1281,1282,4
1283,1284,23
1285,1286,2
1286,1287,1
1287,1288,12
1289,1290,14
1290,1291,1
1292,1293,7
1293,1294,5
1294,1295,11
1295,1296,2
1298,1299,1
1299,1300,1
1300,1301,3
1301,1302,9
1302,1303,1
1303,1304,3
1304,1305,2
1305,1306,29
1306,1307,1
1307,1308,1
1308,1309,1
1309,1310,53
1310,1311,2
1311,1312,5
1312,1313,36
1314,1315,1
1315,1316,1
1316,1317,3
1318,1319,5
1319,1320,28
1320,1321,31
1321,1322,21
1322,1323,1
1323,1324,9
1324,1325,22
1325,1326,19
1328,1329,39
1329,1330,21
1330,1331,38
1332,1333,2
1334,1335,4
1336,1337,1
1337,1338,17
1339,1340,2
1340,1341,36
1341,1342,1
1342,1343,2
1343,1344,2
1346,1347,27
1347,1348,4
1348,1349,46
1349,1350,2
1350,1351,3
1352,1353,4
1353,1354,22
1354,1355,10
1355,1356,2
1356,1357,4
1357,1358,3
1358,1359,14
1359,1360,1
1361,1362,13
1364,1365,3
1365,1366,38
1366,1367,6
1368,1369,2
1370,1371,1
1371,1372,6
1372,1373,7
1376,1377,1
1381,1382,1
1382,1383,8
1383,1384,15
1384,1385,31
1385,1386,6
1386,1387,2
1387,1388,25
1388,1389,30
1389,1390,14
1391,1392,6
1392,1393,5
1394,1395,9
1396,1397,55
1399,1400,24
1400,1401,3
1401,1402,19
1402,1403,3
1405,1406,13
1407,1408,5
1408,1409,3
1411,1412,1
1418,1419,6
1419,1420,6
1420,1421,20
1421,1422,18
1422,1423,42
1423,1424,7
1424,1425,17
1425,1426,17
1427,1428,1
1428,1429,2
1429,1430,1
1430,1431,6
1431,1432,1
1433,1434,6
1434,1435,13
1435,1436,1
1436,1437,14
1437,1438,6
1439,1440,2
1440,1441,9
1441,1442,14
1443,1444,9
1444,1445,4
1445,1446,53
1448,1449,11
1449,1450,5
1454,1455,11
1455,1456,31
1456,1457,4
1457,1458,17
1458,1459,40
1459,1460,15
1461,1462,53
1462,1463,1
1463,1464,7
1464,1465,2
1465,1466,2
1466,1467,1
1467,1468,6
1470,1471,3
1471,1472,1
1472,1473,18
1473,1474,43
1475,1476,47
1476,1477,15
1477,1478,4
1478,1479,4
1479,1480,2
1480,1481,2
1481,1482,1
1482,1483,4
1483,1484,44
1484,1485,1
1485,1486,2
1486,1487,16
1488,1489,1
1489,1490,2
1491,1492,1
1493,1494,2
1494,1495,3
1495,1496,20
1496,1497,8
1497,1498,2
1498,1499,7
1499,1500,1
1501,1502,48
1503,1504,18
1504,1505,5
1505,1506,9
1506,1507,4
1507,1508,5
1508,1509,17
1509,1510,1
1510,1511,3
1511,1512,11
1512,1513,2
1516,1517,3
1517,1518,1
1518,1519,17
1519,1520,5
1520,1521,1
1521,1522,21
1522,1523,1
1523,1524,1
1524,1525,15
1525,1526,5
1529,1530,22
1530,1531,16
1531,1532,9
1532,1533,2
1535,1536,1
1537,1538,21
1538,1539,1
1539,1540,3
1543,1544,52
1544,1545,52
1545,1546,3
1546,1547,42
1548,1549,8
1549,1550,3
1550,1551,13
1551,1552,23
1552,1553,7
1553,1554,46
1555,1556,20
1556,1557,1
1557,1558,28
1559,1560,2
1560,1561,52
1561,1562,9
1562,1563,10
1563,1564,11
1564,1565,4
1565,1566,26
1566,1567,22
1567,1568,7
1568,1569,3
1569,1570,2
1570,1571,11
1571,1572,2
1572,1573,4
1573,1574,12
1574,1575,2
1575,1576,4
1576,1577,7
1577,1578,10
1578,1579,7
1579,1580,4
1580,1581,1
1581,1582,26
1582,1583,6
1584,1585,2
1585,1586,4
1588,1589,4
1589,1590,53
1591,1592,22
1592,1593,7
1593,1594,11
1594,1595,7
1595,1596,2
1597,1598,22
1598,1599,2
1599,1600,3
1600,1601,52
1601,1602,4
1602,1603,3
1603,1604,1
1605,1606,2
1607,1608,1
1608,1609,4
1611,1612,14
1613,1614,23
1615,1616,5
1617,1618,1
1618,1619,1
1619,1620,19
1621,1622,45
1622,1623,5
1624,1625,7
1625,1626,24
1626,1627,20
1627,1628,1
1628,1629,22
1629,1630,18
1631,1632,1
1633,1634,34
1634,1635,3
1637,1638,31
1638,1639,2
1639,1640,4
1640,1641,1
1641,1642,4
1642,1643,7
1646,1647,4
1647,1648,52
1648,1649,7
1649,1650,45
1650,1651,2
1651,1652,12
1653,1654,17
1654,1655,1
1656,1657,31
1657,1658,24
1658,1659,3
1659,1660,49
1660,1661,9
1661,1662,6
1662,1663,7
1664,1665,7
1665,1666,3
1666,1667,29
1667,1668,31
1669,1670,9
1670,1671,5
1671,1672,15
1672,1673,31
1673,1674,1
1674,1675,28
1675,1676,22
1676,1677,22
1677,1678,1
1679,1680,1
1680,1681,35
1682,1683,47
1684,1685,32
1685,1686,4
1686,1687,9
1687,1688,10
1688,1689,6
1689,1690,27
1693,1694,1
1694,1695,3
1695,1696,53
1698,1699,2
1699,1700,27
1700,1701,3
1701,1702,11
1702,1703,26
1707,1708,11
1708,1709,44
1709,1710,3
1711,1712,3
1712,1713,16
1715,1716,15
1716,1717,6
1718,1719,1
1719,1720,13
1721,1722,3
1722,1723,31
1725,1726,16
1726,1727,2
1730,1731,1
1732,1733,6
1733,1734,3
1734,1735,9
1735,1736,10
1736,1737,2
1737,1738,2
1739,1740,1
1741,1742,2
1742,1743,14
1743,1744,3
1744,1745,3
1746,1747,1
1748,1749,2
1752,1753,3
1754,1755,1
1755,1756,2
1761,1762,3
1762,1763,1
1764,1765,9
1766,1767,2
1767,1768,9
1768,1769,1
1769,1770,7
1772,1773,6
1774,1775,1
1779,1780,41
